{"info":{"simulator":"Cadmium","name":"pandemic_messages","type":"Irregular Cell-DEVS"},"nodes":[{"name":"default","type":"atomic","template":"[\"Population\",\"Susceptible\",\"Exposed\",\"Infected\",\"Asymptomatic\",\"Recovered\",\"New Exposed\",\"New Infected\",\"New Recovered\",\"Deaths\"]"},{"name":"2270","type":"atomic","template":"[\"Population\",\"Susceptible\",\"Exposed\",\"Infected\",\"Asymptomatic\",\"Recovered\",\"New Exposed\",\"New Infected\",\"New Recovered\",\"Deaths\"]"},{"name":"5183","type":"atomic","template":"[\"Population\",\"Susceptible\",\"Exposed\",\"Infected\",\"Asymptomatic\",\"Recovered\",\"New Exposed\",\"New Infected\",\"New Recovered\",\"Deaths\"]"},{"name":"2265","type":"atomic","template":"[\"Population\",\"Susceptible\",\"Exposed\",\"Infected\",\"Asymptomatic\",\"Recovered\",\"New Exposed\",\"New Infected\",\"New Recovered\",\"Deaths\"]"},{"name":"4913","type":"atomic","template":"[\"Population\",\"Susceptible\",\"Exposed\",\"Infected\",\"Asymptomatic\",\"Recovered\",\"New Exposed\",\"New Infected\",\"New Recovered\",\"Deaths\"]"},{"name":"2237","type":"atomic","template":"[\"Population\",\"Susceptible\",\"Exposed\",\"Infected\",\"Asymptomatic\",\"Recovered\",\"New Exposed\",\"New Infected\",\"New Recovered\",\"Deaths\"]"},{"name":"2262","type":"atomic","template":"[\"Population\",\"Susceptible\",\"Exposed\",\"Infected\",\"Asymptomatic\",\"Recovered\",\"New Exposed\",\"New Infected\",\"New Recovered\",\"Deaths\"]"},{"name":"2253","type":"atomic","template":"[\"Population\",\"Susceptible\",\"Exposed\",\"Infected\",\"Asymptomatic\",\"Recovered\",\"New Exposed\",\"New Infected\",\"New Recovered\",\"Deaths\"]"},{"name":"2242","type":"atomic","template":"[\"Population\",\"Susceptible\",\"Exposed\",\"Infected\",\"Asymptomatic\",\"Recovered\",\"New Exposed\",\"New Infected\",\"New Recovered\",\"Deaths\"]"},{"name":"2266","type":"atomic","template":"[\"Population\",\"Susceptible\",\"Exposed\",\"Infected\",\"Asymptomatic\",\"Recovered\",\"New Exposed\",\"New Infected\",\"New Recovered\",\"Deaths\"]"},{"name":"2227","type":"atomic","template":"[\"Population\",\"Susceptible\",\"Exposed\",\"Infected\",\"Asymptomatic\",\"Recovered\",\"New Exposed\",\"New Infected\",\"New Recovered\",\"Deaths\"]"},{"name":"2244","type":"atomic","template":"[\"Population\",\"Susceptible\",\"Exposed\",\"Infected\",\"Asymptomatic\",\"Recovered\",\"New Exposed\",\"New Infected\",\"New Recovered\",\"Deaths\"]"},{"name":"2261","type":"atomic","template":"[\"Population\",\"Susceptible\",\"Exposed\",\"Infected\",\"Asymptomatic\",\"Recovered\",\"New Exposed\",\"New Infected\",\"New Recovered\",\"Deaths\"]"},{"name":"2235","type":"atomic","template":"[\"Population\",\"Susceptible\",\"Exposed\",\"Infected\",\"Asymptomatic\",\"Recovered\",\"New Exposed\",\"New Infected\",\"New Recovered\",\"Deaths\"]"},{"name":"2246","type":"atomic","template":"[\"Population\",\"Susceptible\",\"Exposed\",\"Infected\",\"Asymptomatic\",\"Recovered\",\"New Exposed\",\"New Infected\",\"New Recovered\",\"Deaths\"]"},{"name":"2240","type":"atomic","template":"[\"Population\",\"Susceptible\",\"Exposed\",\"Infected\",\"Asymptomatic\",\"Recovered\",\"New Exposed\",\"New Infected\",\"New Recovered\",\"Deaths\"]"},{"name":"2241","type":"atomic","template":"[\"Population\",\"Susceptible\",\"Exposed\",\"Infected\",\"Asymptomatic\",\"Recovered\",\"New Exposed\",\"New Infected\",\"New Recovered\",\"Deaths\"]"},{"name":"2268","type":"atomic","template":"[\"Population\",\"Susceptible\",\"Exposed\",\"Infected\",\"Asymptomatic\",\"Recovered\",\"New Exposed\",\"New Infected\",\"New Recovered\",\"Deaths\"]"},{"name":"2255","type":"atomic","template":"[\"Population\",\"Susceptible\",\"Exposed\",\"Infected\",\"Asymptomatic\",\"Recovered\",\"New Exposed\",\"New Infected\",\"New Recovered\",\"Deaths\"]"},{"name":"2233","type":"atomic","template":"[\"Population\",\"Susceptible\",\"Exposed\",\"Infected\",\"Asymptomatic\",\"Recovered\",\"New Exposed\",\"New Infected\",\"New Recovered\",\"Deaths\"]"},{"name":"2258","type":"atomic","template":"[\"Population\",\"Susceptible\",\"Exposed\",\"Infected\",\"Asymptomatic\",\"Recovered\",\"New Exposed\",\"New Infected\",\"New Recovered\",\"Deaths\"]"},{"name":"2247","type":"atomic","template":"[\"Population\",\"Susceptible\",\"Exposed\",\"Infected\",\"Asymptomatic\",\"Recovered\",\"New Exposed\",\"New Infected\",\"New Recovered\",\"Deaths\"]"},{"name":"2251","type":"atomic","template":"[\"Population\",\"Susceptible\",\"Exposed\",\"Infected\",\"Asymptomatic\",\"Recovered\",\"New Exposed\",\"New Infected\",\"New Recovered\",\"Deaths\"]"},{"name":"2243","type":"atomic","template":"[\"Population\",\"Susceptible\",\"Exposed\",\"Infected\",\"Asymptomatic\",\"Recovered\",\"New Exposed\",\"New Infected\",\"New Recovered\",\"Deaths\"]"},{"name":"2249","type":"atomic","template":"[\"Population\",\"Susceptible\",\"Exposed\",\"Infected\",\"Asymptomatic\",\"Recovered\",\"New Exposed\",\"New Infected\",\"New Recovered\",\"Deaths\"]"},{"name":"2234","type":"atomic","template":"[\"Population\",\"Susceptible\",\"Exposed\",\"Infected\",\"Asymptomatic\",\"Recovered\",\"New Exposed\",\"New Infected\",\"New Recovered\",\"Deaths\"]"},{"name":"2263","type":"atomic","template":"[\"Population\",\"Susceptible\",\"Exposed\",\"Infected\",\"Asymptomatic\",\"Recovered\",\"New Exposed\",\"New Infected\",\"New Recovered\",\"Deaths\"]"},{"name":"2257","type":"atomic","template":"[\"Population\",\"Susceptible\",\"Exposed\",\"Infected\",\"Asymptomatic\",\"Recovered\",\"New Exposed\",\"New Infected\",\"New Recovered\",\"Deaths\"]"},{"name":"3895","type":"atomic","template":"[\"Population\",\"Susceptible\",\"Exposed\",\"Infected\",\"Asymptomatic\",\"Recovered\",\"New Exposed\",\"New Infected\",\"New Recovered\",\"Deaths\"]"},{"name":"2236","type":"atomic","template":"[\"Population\",\"Susceptible\",\"Exposed\",\"Infected\",\"Asymptomatic\",\"Recovered\",\"New Exposed\",\"New Infected\",\"New Recovered\",\"Deaths\"]"},{"name":"2238","type":"atomic","template":"[\"Population\",\"Susceptible\",\"Exposed\",\"Infected\",\"Asymptomatic\",\"Recovered\",\"New Exposed\",\"New Infected\",\"New Recovered\",\"Deaths\"]"},{"name":"2260","type":"atomic","template":"[\"Population\",\"Susceptible\",\"Exposed\",\"Infected\",\"Asymptomatic\",\"Recovered\",\"New Exposed\",\"New Infected\",\"New Recovered\",\"Deaths\"]"},{"name":"2230","type":"atomic","template":"[\"Population\",\"Susceptible\",\"Exposed\",\"Infected\",\"Asymptomatic\",\"Recovered\",\"New Exposed\",\"New Infected\",\"New Recovered\",\"Deaths\"]"},{"name":"2256","type":"atomic","template":"[\"Population\",\"Susceptible\",\"Exposed\",\"Infected\",\"Asymptomatic\",\"Recovered\",\"New Exposed\",\"New Infected\",\"New Recovered\",\"Deaths\"]"},{"name":"2226","type":"atomic","template":"[\"Population\",\"Susceptible\",\"Exposed\",\"Infected\",\"Asymptomatic\",\"Recovered\",\"New Exposed\",\"New Infected\",\"New Recovered\",\"Deaths\"]"}]}